{
    "train_loss": [
        1.8687313233298817,
        1.1787257591883342,
        0.9400432719581429,
        0.8210634945452898,
        0.7408198299764217,
        0.6497066726629761,
        0.5910898179843508,
        0.5490607776861082,
        0.48236019532570895,
        0.46506654222806293,
        0.41066929201285046,
        0.38325292334474365
    ],
    "train_acc": [
        0.4504310344827586,
        0.5926724137931034,
        0.6566091954022989,
        0.7086925287356322,
        0.7349137931034483,
        0.7758620689655172,
        0.7923850574712644,
        0.8207614942528736,
        0.8336925287356322,
        0.8433908045977011,
        0.860632183908046,
        0.867816091954023
    ],
    "val_loss": [
        1.3919489083112482,
        1.0114213238472924,
        0.9134512971499588,
        0.8341931940662144,
        0.7924937968780114,
        0.762547373686274,
        0.7134135449171749,
        0.6995518432134885,
        0.6919685981335134,
        0.6652239840317592,
        0.6742829973342426,
        0.6856271650610134
    ],
    "val_acc": [
        0.5759312320916905,
        0.6217765042979942,
        0.6991404011461319,
        0.7220630372492837,
        0.7564469914040115,
        0.7679083094555874,
        0.7936962750716332,
        0.7765042979942693,
        0.7707736389684814,
        0.7965616045845272,
        0.7822349570200573,
        0.7994269340974212
    ]
}